title,date,url
2025年下半年杨浦区环境信息公开声环境质量状况,2025.10.20,https://www.shyp.gov.cn/shypq/yqyw-wb-hbjzl-hjjc/20251020/492384.html
2025年9月杨浦区环境信息公开地表水质量状况,2025.10.20,https://www.shyp.gov.cn/shypq/yqyw-wb-hbjzl-hjjc/20251020/492381.html
2025年9月杨浦区环境信息公开污染源监督监测检查统计,2025.10.20,https://www.shyp.gov.cn/shypq/yqyw-wb-hbjzl-hjjc/20251020/492383.html
2025年9月杨浦区环境信息公开环境空气质量状况,2025.10.20,https://www.shyp.gov.cn/shypq/yqyw-wb-hbjzl-hjjc/20251020/492382.html
2025年7月杨浦区环境信息公开地表水质量状况,2025.09.09,https://www.shyp.gov.cn/shypq/yqyw-wb-hbjzl-hjjc/20250909/489907.html
2025年7月杨浦区环境信息公开地表水质量状况,2025.09.09,https://www.shyp.gov.cn/shypq/yqyw-wb-hbjzl-hjjc/20250909/489909.html
2025年7月杨浦区环境信息公开地表水质量状况,2025.09.09,https://www.shyp.gov.cn/shypq/yqyw-wb-hbjzl-hjjc/20250909/489908.html
2025年6月杨浦区环境信息公开污染源监督监测检查统计,2025.07.30,https://www.shyp.gov.cn/shypq/yqyw-wb-hbjzl-hjjc/20250730/486749.html
2025年6月杨浦区环境信息公开 环境空气质量状况,2025.07.30,https://www.shyp.gov.cn/shypq/yqyw-wb-hbjzl-hjjc/20250730/486748.html
2025年6月杨浦区环境信息公开地表水质量状况,2025.07.30,https://www.shyp.gov.cn/shypq/yqyw-wb-hbjzl-hjjc/20250730/486747.html
2025年上半年杨浦区环境信息公开声环境质量状况,2025.06.20,https://www.shyp.gov.cn/shypq/yqyw-wb-hbjzl-hjjc/20250620/483267.html
2025年5月杨浦区环境信息公开污染源监督监测检查统计,2025.06.20,https://www.shyp.gov.cn/shypq/yqyw-wb-hbjzl-hjjc/20250620/483265.html
2025年5月杨浦区环境信息公开环境空气质量状况,2025.06.20,https://www.shyp.gov.cn/shypq/yqyw-wb-hbjzl-hjjc/20250620/483263.html
2025年5月杨浦区环境信息公开地表水质量状况,2025.06.20,https://www.shyp.gov.cn/shypq/yqyw-wb-hbjzl-hjjc/20250620/483253.html
2025年4月杨浦区环境信息公开地表水质量状况,2025.05.19,https://www.shyp.gov.cn/shypq/yqyw-wb-hbjzl-hjjc/20250519/480879.html
2025年4月杨浦区环境信息公开污染源监督监测检查统计,2025.05.19,https://www.shyp.gov.cn/shypq/yqyw-wb-hbjzl-hjjc/20250519/480881.html
2025年4月杨浦区环境信息公开环境空气质量状况,2025.05.19,https://www.shyp.gov.cn/shypq/yqyw-wb-hbjzl-hjjc/20250519/480880.html
2025年3月杨浦区环境信息公开污染源监督监测检查统计,2025.04.16,https://www.shyp.gov.cn/shypq/yqyw-wb-hbjzl-hjjc/20250519/480878.html
2025年3月杨浦区环境信息公开地表水质量状况,2025.04.16,https://www.shyp.gov.cn/shypq/yqyw-wb-hbjzl-hjjc/20250519/480876.html
2025年3月杨浦区环境信息公开环境空气质量状况,2025.04.16,https://www.shyp.gov.cn/shypq/yqyw-wb-hbjzl-hjjc/20250519/480877.html
2025年2月杨浦区环境信息公开污染源监督监测检查统计,2025.03.14,https://www.shyp.gov.cn/shypq/yqyw-wb-hbjzl-hjjc/20250519/480866.html
2025年2月杨浦区环境信息公开环境空气质量状况,2025.03.14,https://www.shyp.gov.cn/shypq/yqyw-wb-hbjzl-hjjc/20250519/480865.html
2025年2月杨浦区环境信息公开地表水质量状况,2025.03.14,https://www.shyp.gov.cn/shypq/yqyw-wb-hbjzl-hjjc/20250519/480864.html
2025年1月杨浦区环境信息公开环境空气质量状况,2025.02.18,https://www.shyp.gov.cn/shypq/yqyw-wb-hbjzl-hjjc/20250519/480871.html
2025年1月杨浦区环境信息公开地表水质量状况,2025.02.18,https://www.shyp.gov.cn/shypq/yqyw-wb-hbjzl-hjjc/20250519/480870.html
2025年1月杨浦区环境信息公开污染源监督监测检查统计,2025.02.18,https://www.shyp.gov.cn/shypq/yqyw-wb-hbjzl-hjjc/20250519/480872.html
2024年12月杨浦区环境信息公开地表水质量状况,2025.01.20,https://www.shyp.gov.cn/shypq/yqyw-wb-hbjzl-hjjc/20250519/480867.html
2024年12月杨浦区环境信息公开污染源监督监测检查统计,2025.01.20,https://www.shyp.gov.cn/shypq/yqyw-wb-hbjzl-hjjc/20250519/480869.html
2024年12月杨浦区环境信息公开环境空气质量状况,2025.01.20,https://www.shyp.gov.cn/shypq/yqyw-wb-hbjzl-hjjc/20250519/480868.html
2024年11月杨浦区环境信息公开污染源监督监测检查统计,2024.12.20,https://www.shyp.gov.cn/shypq/yqyw-wb-hbjzl-hjjc/20241220/470625.html
2024年11月杨浦区环境信息公开环境空气质量状况,2024.12.20,https://www.shyp.gov.cn/shypq/yqyw-wb-hbjzl-hjjc/20241220/470624.html
2024年11月杨浦区环境信息公开地表水质量状况,2024.12.20,https://www.shyp.gov.cn/shypq/yqyw-wb-hbjzl-hjjc/20241220/470623.html
2024年10月杨浦区环境信息公开 污染源监督监测检查统计,2024.11.15,https://www.shyp.gov.cn/shypq/yqyw-wb-hbjzl-hjjc/20241115/468169.html
2024年10月杨浦区环境信息公开环境空气质量状况,2024.11.15,https://www.shyp.gov.cn/shypq/yqyw-wb-hbjzl-hjjc/20241115/468168.html
2024年10月杨浦区环境信息公开地表水质量状况,2024.11.15,https://www.shyp.gov.cn/shypq/yqyw-wb-hbjzl-hjjc/20241115/468167.html
2024年下半年杨浦区环境信息公开声环境质量状况,2024.10.18,https://www.shyp.gov.cn/shypq/yqyw-wb-hbjzl-hjjc/20241018/466071.html
2024年9月杨浦区环境信息公开污染源监督监测检查统计,2024.10.18,https://www.shyp.gov.cn/shypq/yqyw-wb-hbjzl-hjjc/20241018/466070.html
2024年9月杨浦区环境信息公开环境空气质量状况,2024.10.18,https://www.shyp.gov.cn/shypq/yqyw-wb-hbjzl-hjjc/20241018/466069.html
2024年9月杨浦区环境信息公开地表水质量状况,2024.10.18,https://www.shyp.gov.cn/shypq/yqyw-wb-hbjzl-hjjc/20241018/466068.html
2024年8月杨浦区环境信息公开地表水质量状况,2024.09.18,https://www.shyp.gov.cn/shypq/yqyw-wb-hbjzl-hjjc/20240918/058a82b32e6f42b1a5419f2afe338a8d.html
2024年8月杨浦区环境信息公开环境空气质量状况,2024.09.18,https://www.shyp.gov.cn/shypq/yqyw-wb-hbjzl-hjjc/20240918/961194929a004dc8a909498244f269f7.html
2024年8月杨浦区环境信息公开污染源监督监测检查统计,2024.09.18,https://www.shyp.gov.cn/shypq/yqyw-wb-hbjzl-hjjc/20240918/374102b0c9514b3db33e265544354f26.html
2024年7月杨浦区环境信息公开污染源监督监测检查统计,2024.07.30,https://www.shyp.gov.cn/shypq/yqyw-wb-hbjzl-hjjc/20240918/75329a9b84e145719b58a6455fb8b970.html
2024年7月杨浦区环境信息公开环境空气质量状况,2024.07.30,https://www.shyp.gov.cn/shypq/yqyw-wb-hbjzl-hjjc/20240918/8f5e9a9d80f6406f9f6ca91fc46289fa.html
2024年7月杨浦区环境信息公开地表水质量状况,2024.07.30,https://www.shyp.gov.cn/shypq/yqyw-wb-hbjzl-hjjc/20240918/6d40dee9ae0f4945a24d16fafd462d9e.html
2024年6月杨浦区环境信息公开污染源监督监测检查统计,2024.07.15,https://www.shyp.gov.cn/shypq/yqyw-wb-hbjzl-hjjc/20240715/e792bc453faf46899dc6e4a19f593cf6.html
2024年6月杨浦区环境信息公开环境空气质量状况,2024.07.15,https://www.shyp.gov.cn/shypq/yqyw-wb-hbjzl-hjjc/20240715/98eecdb41cd94e5bae9efed2a559082e.html
2024年6月杨浦区环境信息公开地表水质量状况,2024.07.15,https://www.shyp.gov.cn/shypq/yqyw-wb-hbjzl-hjjc/20240715/3f6d0141bc60441797708fc6efa37d21.html
2024年上半年杨浦区环境信息公开声环境质量状况,2024.06.19,https://www.shyp.gov.cn/shypq/yqyw-wb-hbjzl-hjjc/20240619/e86eaa7a3a8c489da211e46cc33a2b92.html
2024年5月杨浦区环境信息公开污染源监督监测检查统计,2024.06.19,https://www.shyp.gov.cn/shypq/yqyw-wb-hbjzl-hjjc/20240619/7f1b56ab07d14b299e81baffd08e4ed9.html
2024年5月杨浦区环境信息公开环境空气质量状况,2024.06.19,https://www.shyp.gov.cn/shypq/yqyw-wb-hbjzl-hjjc/20240619/601ab6b550d847b38b14cc23d99f229d.html
2024年5月杨浦区环境信息公开地表水质量状况,2024.06.19,https://www.shyp.gov.cn/shypq/yqyw-wb-hbjzl-hjjc/20240619/6f47919672834630b4248cc11bf00a5f.html
2024年4月杨浦区环境信息公开地表水质量状况,2024.05.15,https://www.shyp.gov.cn/shypq/yqyw-wb-hbjzl-hjjc/20240515/4a60a475e29641edb48bb525273251ed.html
2024年4月杨浦区环境信息公开环境空气质量状况,2024.05.15,https://www.shyp.gov.cn/shypq/yqyw-wb-hbjzl-hjjc/20240515/cff91505381549d69f8eabce1817ab75.html
2024年4月杨浦区环境信息公开污染源监督监测检查统计,2024.05.15,https://www.shyp.gov.cn/shypq/yqyw-wb-hbjzl-hjjc/20240515/4bc248c8e61c49cfbbc9183cdee57420.html
2024年3月杨浦区环境信息公开环境空气质量状况,2024.04.17,https://www.shyp.gov.cn/shypq/yqyw-wb-hbjzl-hjjc/20240417/452671.html
2024年3月杨浦区环境信息公开地表水环境质量状况,2024.04.17,https://www.shyp.gov.cn/shypq/yqyw-wb-hbjzl-hjjc/20240417/452670.html
2024年3月杨浦区环境信息公开污染源监督监测检查统计,2024.04.17,https://www.shyp.gov.cn/shypq/yqyw-wb-hbjzl-hjjc/20240417/452672.html
2024年2月杨浦区环境信息公开污染源监督监测检查统计,2024.03.15,https://www.shyp.gov.cn/shypq/yqyw-wb-hbjzl-hjjc/20240315/fa42d6a4c84a49d0857665e002069d82.html
2024年2月杨浦区环境信息公开环境空气质量状况,2024.03.15,https://www.shyp.gov.cn/shypq/yqyw-wb-hbjzl-hjjc/20240315/da59f7d4f0a745af884928595f9b7ad0.html
2024年2月杨浦区环境信息公开地表水质量状况,2024.03.15,https://www.shyp.gov.cn/shypq/yqyw-wb-hbjzl-hjjc/20240315/56831955c59b43189bfffdf78420a56b.html
2024年1月杨浦区环境信息公开环境空气质量状况,2024.02.23,https://www.shyp.gov.cn/shypq/yqyw-wb-hbjzl-hjjc/20240223/3aa73df8d80f49e1958c47ad616fa099.html
2024年1月杨浦区环境信息公开污染源监督监测检查统计,2024.02.23,https://www.shyp.gov.cn/shypq/yqyw-wb-hbjzl-hjjc/20240223/10c40bfe186f4111bf3782921e406251.html
2024年1月杨浦区环境信息公开地表水环境质量状况,2024.02.23,https://www.shyp.gov.cn/shypq/yqyw-wb-hbjzl-hjjc/20240223/9b0f2e0952d34ba29577dcdd72d9c785.html
2023年12月杨浦区环境信息公开环境空气质量状况,2024.01.26,https://www.shyp.gov.cn/shypq/yqyw-wb-hbjzl-hjjc/20240129/3d9575584d6244688934d75ba6b37e97.html
2023年12月杨浦区环境信息公开地表水质量状况,2024.01.26,https://www.shyp.gov.cn/shypq/yqyw-wb-hbjzl-hjjc/20240129/05159eec2e244edf9815027b27919244.html
2023年12月杨浦区环境信息公开污染源监督监测达标率统计,2024.01.26,https://www.shyp.gov.cn/shypq/yqyw-wb-hbjzl-hjjc/20240129/16059c57591440eeba368dc688429ce7.html
2023年11月杨浦区环境信息公开污染源监督监测达标率统计,2023.12.22,https://www.shyp.gov.cn/shypq/yqyw-wb-hbjzl-hjjc/20240129/0f30bc1b946c4dfebff7bf00f27ab47a.html
2023年11月杨浦区环境信息公开环境空气质量状况,2023.12.22,https://www.shyp.gov.cn/shypq/yqyw-wb-hbjzl-hjjc/20240129/4e970985f79446968422fcc731154c60.html
2023年11月杨浦区环境信息公开地表水质量状况,2023.12.22,https://www.shyp.gov.cn/shypq/yqyw-wb-hbjzl-hjjc/20240129/677cfa174d074968be01e9e07c29a54a.html
2023年10月杨浦区环境信息公开污染源监督监测达标率统计,2023.12.06,https://www.shyp.gov.cn/shypq/yqyw-wb-hbjzl-hjjc/20231206/25b0f9a1cf8a4cff963f324a1268a56c.html
2023年10月杨浦区环境信息公开环境空气质量状况,2023.12.06,https://www.shyp.gov.cn/shypq/yqyw-wb-hbjzl-hjjc/20231206/c406bb2207544dbd87b329cd813b6dac.html
2023年10月杨浦区环境信息公开地表水质量状况,2023.12.06,https://www.shyp.gov.cn/shypq/yqyw-wb-hbjzl-hjjc/20231206/d37542086b2544a0af53496faddae788.html
2023年下半年杨浦区环境信息公开声环境质量状况,2023.10.25,https://www.shyp.gov.cn/shypq/yqyw-wb-hbjzl-hjjc/20231025/72ef475debe7486db3b798da3bac1e91.html
2023年9月杨浦区环境信息公开污染源监督监测达标率统计,2023.10.25,https://www.shyp.gov.cn/shypq/yqyw-wb-hbjzl-hjjc/20231025/3d7d4d2a5e81402d9bd68fd8370af5b1.html
2023年9月杨浦区环境信息公开环境空气质量状况,2023.10.25,https://www.shyp.gov.cn/shypq/yqyw-wb-hbjzl-hjjc/20231025/f4ce189d22954a5693b7e957917e32c6.html
2023年9月杨浦区环境信息公开地表水质量状况,2023.10.25,https://www.shyp.gov.cn/shypq/yqyw-wb-hbjzl-hjjc/20231025/ac7488c89c8748fc8592e3bf423cfa99.html
2023年8月杨浦区环境信息公开地表水质量状况,2023.09.19,https://www.shyp.gov.cn/shypq/yqyw-wb-hbjzl-hjjc/20230919/aaa8f135c9774074ad3c6a42dabfcd06.html
2023年8月杨浦区环境信息公开环境空气质量状况,2023.09.19,https://www.shyp.gov.cn/shypq/yqyw-wb-hbjzl-hjjc/20230919/67936d6a93554a2cacc1cd117a8001b2.html
2023年8月杨浦区环境信息公开污染源监督监测达标率统计,2023.09.19,https://www.shyp.gov.cn/shypq/yqyw-wb-hbjzl-hjjc/20230919/da14a7d27a964a4ea41a0705f4b1a364.html
2023年6月杨浦区环境信息公开 污染源监督监测统计,2023.07.17,https://www.shyp.gov.cn/shypq/yqyw-wb-hbjzl-hjjc/20230717/b2432ec5bebb498099f5867ffe6a489b.html
2023年6月杨浦区环境信息公开 环境空气质量,2023.07.17,https://www.shyp.gov.cn/shypq/yqyw-wb-hbjzl-hjjc/20230717/5063960b9d284f818f7001a72e3adb66.html
2023年6月杨浦区环境信息公开 地表水环境质量,2023.07.17,https://www.shyp.gov.cn/shypq/yqyw-wb-hbjzl-hjjc/20230717/84cf7d3b6f944a4aad1f75b941dbcc9c.html
2023年上半年杨浦区环境信息公开声环境质量状况,2023.06.16,https://www.shyp.gov.cn/shypq/yqyw-wb-hbjzl-hjjc/20230616/94ae530642b747658b3ebc2026eb8da6.html
2023年5月杨浦区环境信息公开污染源监督监测达标率统计,2023.06.16,https://www.shyp.gov.cn/shypq/yqyw-wb-hbjzl-hjjc/20230616/30319bf6d161493693883ec11947785c.html
2023年5月杨浦区环境信息公开环境空气质量状况,2023.06.16,https://www.shyp.gov.cn/shypq/yqyw-wb-hbjzl-hjjc/20230616/615e3a5e359b486da7440365c4e632ad.html
2023年5月杨浦区环境信息公开地表水质量状况,2023.06.16,https://www.shyp.gov.cn/shypq/yqyw-wb-hbjzl-hjjc/20230616/0c5184e7fde5431698a9bc97e85b6edf.html
2023年4月杨浦区环境信息公开 地表水环境质量,2023.05.17,https://www.shyp.gov.cn/shypq/yqyw-wb-hbjzl-hjjc/20230517/11d11b7591d14457a3095211b4afbf65.html
2023年4月杨浦区环境信息公开 环境空气质量,2023.05.17,https://www.shyp.gov.cn/shypq/yqyw-wb-hbjzl-hjjc/20230517/65af5f0f22a3466abf1d50f7866afb7b.html
2023年4月杨浦区环境信息公开 污染源监督监测统计,2023.05.17,https://www.shyp.gov.cn/shypq/yqyw-wb-hbjzl-hjjc/20230517/e415b4e35bce42d88b7215a7bfa513f0.html
2023年3月杨浦区环境信息公开地表水质量状况,2023.04.21,https://www.shyp.gov.cn/shypq/yqyw-wb-hbjzl-hjjc/20230421/13262a36d23b4f37bce58624baf90793.html
2023年3月杨浦区环境信息公开环境空气质量状况,2023.04.21,https://www.shyp.gov.cn/shypq/yqyw-wb-hbjzl-hjjc/20230421/fd1cf27712584ca4aaad175ca085085c.html
2023年3月杨浦区环境信息公开污染源监督监测达标率统计,2023.04.21,https://www.shyp.gov.cn/shypq/yqyw-wb-hbjzl-hjjc/20230421/d2d4fd77c26842e1bb5151b348eadc39.html
2023年2月杨浦区环境信息公开污染源监督监测达标率统计,2023.03.17,https://www.shyp.gov.cn/shypq/yqyw-wb-hbjzl-hjjc/20230317/4b317dec1104468cbfa30e71094e254e.html
2023年2月杨浦区环境信息公开环境空气质量状况,2023.03.17,https://www.shyp.gov.cn/shypq/yqyw-wb-hbjzl-hjjc/20230317/2461ed27e3fa41d68d6bff4c4c7ab51b.html
2023年2月杨浦区环境信息公开地表水质量状况,2023.03.17,https://www.shyp.gov.cn/shypq/yqyw-wb-hbjzl-hjjc/20230317/00d4c8a581e440d3915fb24a134b1962.html
2023年1月杨浦区环境信息公开污染源监督监测达标率统计,2023.02.24,https://www.shyp.gov.cn/shypq/yqyw-wb-hbjzl-hjjc/20230224/4236735649494330a405005a63476fd2.html
2023年1月杨浦区环境信息公开环境空气质量状况,2023.02.24,https://www.shyp.gov.cn/shypq/yqyw-wb-hbjzl-hjjc/20230224/40984b15643349a0adf4d2be09d78f46.html
2023年1月杨浦区环境信息公开地表水质量状况,2023.02.24,https://www.shyp.gov.cn/shypq/yqyw-wb-hbjzl-hjjc/20230224/8945fd42686f4ad0a1351b882d144ad7.html
2022年12月杨浦区环境信息公开环境空气质量状况,2023.01.29,https://www.shyp.gov.cn/shypq/yqyw-wb-hbjzl-hjjc/20230201/7c337f23d4bc4bf9b5f7555441a70ede.html
2022年12月杨浦区环境信息公开地表水质量状况,2023.01.29,https://www.shyp.gov.cn/shypq/yqyw-wb-hbjzl-hjjc/20230201/0b7860dbc34046b99398c5dbf51e553d.html
2022年12月杨浦区环境信息公开污染源监督监测达标率统计,2023.01.29,https://www.shyp.gov.cn/shypq/yqyw-wb-hbjzl-hjjc/20230201/1ef401da436b465eaef663cb1ed370d1.html
2022年11月杨浦区环境信息公开污染源监督监测达标率统计,2022.12.28,https://www.shyp.gov.cn/shypq/yqyw-wb-hbjzl-hjjc/20230111/c63d48a5a39042c49b7dfa90a9095d98.html
2022年11月杨浦区环境信息公开地表水质量状况,2022.12.28,https://www.shyp.gov.cn/shypq/yqyw-wb-hbjzl-hjjc/20230111/91a4b182154b4dd1bc54d0cb131e8d2d.html
2022年11月杨浦区环境信息公开环境空气质量状况,2022.12.28,https://www.shyp.gov.cn/shypq/yqyw-wb-hbjzl-hjjc/20230111/9d99938936dc4f55bb02e19993fbd857.html
2022年10月杨浦区环境信息公开地表水质量状况,2022.11.21,https://www.shyp.gov.cn/shypq/yqyw-wb-hbjzl-hjjc/20221121/51ae1f155b474262b28c3c0b351ab25e.html
2022年10月杨浦区环境信息公开污染源监督监测达标率统计,2022.11.21,https://www.shyp.gov.cn/shypq/yqyw-wb-hbjzl-hjjc/20221121/84496fce2ae047a4a987151ed3f22974.html
2022年10月杨浦区环境信息公开环境空气质量状况,2022.11.21,https://www.shyp.gov.cn/shypq/yqyw-wb-hbjzl-hjjc/20221121/acd0121bb3f949638b7666a85607946b.html
2022年9月杨浦区环境信息公开环境空气质量状况,2022.10.19,https://www.shyp.gov.cn/shypq/yqyw-wb-hbjzl-hjjc/20221019/91461b4216224dfda76505ffb57fd4fb.html
2022年9月杨浦区环境信息公开地表水质量状况,2022.10.19,https://www.shyp.gov.cn/shypq/yqyw-wb-hbjzl-hjjc/20221019/76aa7877e4fe4bfb97ae0a7544aaf88e.html
2022年下半年杨浦区环境信息公开声环境质量状况,2022.10.19,https://www.shyp.gov.cn/shypq/yqyw-wb-hbjzl-hjjc/20221019/17e25076ea424e25a8d60c57a787322e.html
2022年9月杨浦区环境信息公开污染源监督监测达标率统计,2022.10.19,https://www.shyp.gov.cn/shypq/yqyw-wb-hbjzl-hjjc/20221019/f86414910a9c41bfbc2fcb71dd91ed14.html
2022年7月杨浦区环境信息公开环境空气质量状况,2022.08.15,https://www.shyp.gov.cn/shypq/yqyw-wb-hbjzl-hjjc/20220815/7bec1ee93087416d871a2ba85a798f65.html
2022年7月杨浦区环境信息公开地表水质量状况,2022.08.15,https://www.shyp.gov.cn/shypq/yqyw-wb-hbjzl-hjjc/20220815/a8cdc22240d449e1ac8873a9ed3cd57e.html
2022年7月杨浦区环境信息公开污染源监督监测达标率统计,2022.08.15,https://www.shyp.gov.cn/shypq/yqyw-wb-hbjzl-hjjc/20220815/1c896f137b8c4a3783a8a43527b4e275.html
2022年6月杨浦区环境信息公开地表水质量状况,2022.07.18,https://www.shyp.gov.cn/shypq/yqyw-wb-hbjzl-hjjc/20220718/7ca3f32f69c148c2a487b282cb85b4ef.html
2022年6月杨浦区环境信息公开环境空气质量状况,2022.07.18,https://www.shyp.gov.cn/shypq/yqyw-wb-hbjzl-hjjc/20220718/8e4fec01d39e49c4a3e9d89e2b31036a.html
2022年6月杨浦区环境信息公开污染源监督监测达标率统计,2022.07.18,https://www.shyp.gov.cn/shypq/yqyw-wb-hbjzl-hjjc/20220718/2694c4f175274d65804bf234381889e3.html
2022年上半年杨浦区环境信息公开声环境质量状况,2022.07.18,https://www.shyp.gov.cn/shypq/yqyw-wb-hbjzl-hjjc/20220718/62e09bf2468a43868380302c25e79e7b.html
2022年5月杨浦区环境信息公开环境空气质量状况,2022.06.28,https://www.shyp.gov.cn/shypq/yqyw-wb-hbjzl-hjjc/20220706/9a2a1acc053b41978f7d65d4708e9dff.html
2022年5月杨浦区环境信息公开污染源监督监测达标率统计,2022.06.28,https://www.shyp.gov.cn/shypq/yqyw-wb-hbjzl-hjjc/20220706/5b48e97453c04afea99bbc44555bc49a.html
2022年4月杨浦区环境信息公开污染源监督监测达标率统计,2022.05.25,https://www.shyp.gov.cn/shypq/yqyw-wb-hbjzl-hjjc/20220525/409249.html
2022年4月杨浦区环境信息公开 环境空气质量,2022.05.25,https://www.shyp.gov.cn/shypq/yqyw-wb-hbjzl-hjjc/20220525/409250.html
2022年4月杨浦区环境信息公开地表水质量状况,2022.05.25,https://www.shyp.gov.cn/shypq/yqyw-wb-hbjzl-hjjc/20220525/409251.html
2022年3月杨浦区环境信息公开污染源监督监测达标率统计,2022.04.27,https://www.shyp.gov.cn/shypq/yqyw-wb-hbjzl-hjjc/20220427/407830.html
2022年3月杨浦区环境信息公开环境空气质量状况,2022.04.27,https://www.shyp.gov.cn/shypq/yqyw-wb-hbjzl-hjjc/20220427/407831.html
2022年3月杨浦区环境信息公开地表水质量状况,2022.04.27,https://www.shyp.gov.cn/shypq/yqyw-wb-hbjzl-hjjc/20220427/407832.html
2022年2月杨浦区环境信息公开地表水质量状况,2022.03.21,https://www.shyp.gov.cn/shypq/yqyw-wb-hbjzl-hjjc/20220321/405412.html
2022年2月杨浦区环境信息公开环境空气质量状况,2022.03.21,https://www.shyp.gov.cn/shypq/yqyw-wb-hbjzl-hjjc/20220321/405411.html
2022年2月杨浦区环境信息公开污染源监督监测达标率统计,2022.03.21,https://www.shyp.gov.cn/shypq/yqyw-wb-hbjzl-hjjc/20220321/405410.html
2022年1月杨浦区环境信息公开污染源监督监测达标率统计,2022.02.14,https://www.shyp.gov.cn/shypq/yqyw-wb-hbjzl-hjjc/20220214/402981.html
2022年1月杨浦区环境信息公开环境空气质量状况,2022.02.14,https://www.shyp.gov.cn/shypq/yqyw-wb-hbjzl-hjjc/20220214/402982.html
2022年1月杨浦区环境信息公开地表水质量状况,2022.02.14,https://www.shyp.gov.cn/shypq/yqyw-wb-hbjzl-hjjc/20220214/402983.html
2021年12月杨浦区环境信息公开污染源监督监测达标率统计,2022.01.19,https://www.shyp.gov.cn/shypq/yqyw-wb-hbjzl-hjjc/20220119/401232.html
2021年12月杨浦区环境信息公开环境空气质量状况,2022.01.19,https://www.shyp.gov.cn/shypq/yqyw-wb-hbjzl-hjjc/20220119/401233.html
2021年12月杨浦区环境信息公开地表水质量状况,2022.01.19,https://www.shyp.gov.cn/shypq/yqyw-wb-hbjzl-hjjc/20220119/401234.html
2021年11月杨浦区环境信息公开地表水质量状况,2021.12.20,https://www.shyp.gov.cn/shypq/yqyw-wb-hbjzl-hjjc/20211220/399074.html
2021年11月杨浦区环境信息公开污染源监督监测达标率统计,2021.12.20,https://www.shyp.gov.cn/shypq/yqyw-wb-hbjzl-hjjc/20211220/399075.html
2021年11月杨浦区环境信息公开环境空气质量状况,2021.12.20,https://www.shyp.gov.cn/shypq/yqyw-wb-hbjzl-hjjc/20211220/399076.html
2021年10月杨浦区环境信息公开环境空气质量状况,2021.11.19,https://www.shyp.gov.cn/shypq/yqyw-wb-hbjzl-hjjc/20211119/396916.html
2021年10月杨浦区环境信息公开地表水质量状况,2021.11.19,https://www.shyp.gov.cn/shypq/yqyw-wb-hbjzl-hjjc/20211119/396917.html
2021年10月杨浦区环境信息公开污染源监督监测达标率统计,2021.11.19,https://www.shyp.gov.cn/shypq/yqyw-wb-hbjzl-hjjc/20211119/396915.html
2021年9月杨浦区环境信息公开污染源监督监测达标率统计,2021.10.20,https://www.shyp.gov.cn/shypq/yqyw-wb-hbjzl-hjjc/20211020/394558.html
2021年9月杨浦区环境信息公开声环境质量状况,2021.10.20,https://www.shyp.gov.cn/shypq/yqyw-wb-hbjzl-hjjc/20211020/394559.html
2021年9月杨浦区环境信息公开环境空气质量状况,2021.10.20,https://www.shyp.gov.cn/shypq/yqyw-wb-hbjzl-hjjc/20211020/394560.html
2021年9月杨浦区环境信息公开地表水质量状况,2021.10.20,https://www.shyp.gov.cn/shypq/yqyw-wb-hbjzl-hjjc/20211020/394561.html
2021年8月杨浦区环境信息公开污染源监督监测达标率统计,2021.09.24,https://www.shyp.gov.cn/shypq/yqyw-wb-hbjzl-hjjc/20210924/392762.html
2021年8月杨浦区环境信息公开地表水质量状况,2021.09.24,https://www.shyp.gov.cn/shypq/yqyw-wb-hbjzl-hjjc/20210924/392763.html
2021年8月杨浦区环境信息公开环境空气质量状况,2021.09.24,https://www.shyp.gov.cn/shypq/yqyw-wb-hbjzl-hjjc/20210924/392764.html
2021年7月杨浦区环境信息公开地表水质量状况,2021.08.25,https://www.shyp.gov.cn/shypq/yqyw-wb-hbjzl-hjjc/20210825/390696.html
2021年7月杨浦区环境信息公开环境空气质量状况,2021.08.25,https://www.shyp.gov.cn/shypq/yqyw-wb-hbjzl-hjjc/20210825/390697.html
2021年7月杨浦区环境信息公开污染源监督监测达标率统计,2021.08.25,https://www.shyp.gov.cn/shypq/yqyw-wb-hbjzl-hjjc/20210825/390698.html
2021年6月杨浦区环境信息公开环境空气质量状况,2021.07.26,https://www.shyp.gov.cn/shypq/yqyw-wb-hbjzl-hjjc/20210726/387970.html
2021年6月杨浦区环境信息公开地表水质量状况,2021.07.26,https://www.shyp.gov.cn/shypq/yqyw-wb-hbjzl-hjjc/20210726/387971.html
2021年6月杨浦区环境信息公开污染源监督监测达标率统计,2021.07.26,https://www.shyp.gov.cn/shypq/yqyw-wb-hbjzl-hjjc/20210726/387969.html
2021年5月杨浦区环境信息公开声环境质量状况,2021.06.30,https://www.shyp.gov.cn/shypq/yqyw-wb-hbjzl-hjjc/20210630/385183.html
2021年5月杨浦区环境信息公开污染源监督监测达标率统计,2021.06.30,https://www.shyp.gov.cn/shypq/yqyw-wb-hbjzl-hjjc/20210630/385184.html
2021年5月杨浦区环境信息公开地表水质量状况,2021.06.30,https://www.shyp.gov.cn/shypq/yqyw-wb-hbjzl-hjjc/20210630/385181.html
2021年5月杨浦区环境信息公开环境空气质量状况,2021.06.30,https://www.shyp.gov.cn/shypq/yqyw-wb-hbjzl-hjjc/20210630/385182.html
2021年4月杨浦区环境信息公开环境空气质量状况,2021.05.07,https://www.shyp.gov.cn/shypq/yqyw-wb-hbjzl-hjjc/20210609/383370.html
2021年4月杨浦区环境信息公开污染源监督监测达标率统计,2021.05.07,https://www.shyp.gov.cn/shypq/yqyw-wb-hbjzl-hjjc/20210609/383371.html
2021年4月杨浦区环境信息公开地表水质量状况,2021.05.07,https://www.shyp.gov.cn/shypq/yqyw-wb-hbjzl-hjjc/20210609/383369.html
2021年3月杨浦区环境信息公开地表水质量状况,2021.04.02,https://www.shyp.gov.cn/shypq/yqyw-wb-hbjzl-hjjc/20210609/383366.html
2021年3月杨浦区环境信息公开环境空气质量状况,2021.04.02,https://www.shyp.gov.cn/shypq/yqyw-wb-hbjzl-hjjc/20210609/383367.html
2021年3月杨浦区环境信息公开污染源监督监测达标率统计,2021.04.02,https://www.shyp.gov.cn/shypq/yqyw-wb-hbjzl-hjjc/20210609/383368.html
2021年2月杨浦区环境信息公开地表水质量状况,2021.03.19,https://www.shyp.gov.cn/shypq/yqyw-wb-hbjzl-hjjc/20210319/376715.html
2021年2月杨浦区环境信息公开环境空气质量状况,2021.03.19,https://www.shyp.gov.cn/shypq/yqyw-wb-hbjzl-hjjc/20210319/376714.html
2021年2月杨浦区环境信息公开污染源监督监测达标率统计,2021.03.19,https://www.shyp.gov.cn/shypq/yqyw-wb-hbjzl-hjjc/20210319/376713.html
2021年1月杨浦区环境信息公开环境空气质量状况,2021.02.24,https://www.shyp.gov.cn/shypq/yqyw-wb-hbjzl-hjjc/20210224/375182.html
2021年1月杨浦区环境信息公开地表水质量状况,2021.02.24,https://www.shyp.gov.cn/shypq/yqyw-wb-hbjzl-hjjc/20210224/375183.html
2021年1月杨浦区环境信息公开污染源监督监测达标率统计,2021.02.24,https://www.shyp.gov.cn/shypq/yqyw-wb-hbjzl-hjjc/20210224/375181.html
2020年12月杨浦区环境信息公开污染源监督监测达标率统计,2021.01.22,https://www.shyp.gov.cn/shypq/yqyw-wb-hbjzl-hjjc/20210122/373676.html
2020年12月杨浦区环境信息公开环境空气质量状况,2021.01.22,https://www.shyp.gov.cn/shypq/yqyw-wb-hbjzl-hjjc/20210122/373677.html
2020年12月杨浦区环境信息公开地表水质量状况,2021.01.22,https://www.shyp.gov.cn/shypq/yqyw-wb-hbjzl-hjjc/20210122/373678.html
2020年11月杨浦区环境信息公开污染源监督监测达标率统计,2020.12.18,https://www.shyp.gov.cn/shypq/yqyw-wb-hbjzl-hjjc/20201218/371713.html
2020年11月杨浦区环境信息公开环境空气质量状况,2020.12.18,https://www.shyp.gov.cn/shypq/yqyw-wb-hbjzl-hjjc/20201218/371714.html
2020年11月杨浦区环境信息公开地表水质量状况,2020.12.18,https://www.shyp.gov.cn/shypq/yqyw-wb-hbjzl-hjjc/20201218/371715.html
2020年10月杨浦区环境信息公开地表水质量状况,2020.11.16,https://www.shyp.gov.cn/shypq/yqyw-wb-hbjzl-hjjc/20201116/369240.html
2020年10月杨浦区环境信息公开环境空气质量状况,2020.11.16,https://www.shyp.gov.cn/shypq/yqyw-wb-hbjzl-hjjc/20201116/369241.html
2020年10月杨浦区环境信息公开污染源监督监测达标率统计,2020.11.16,https://www.shyp.gov.cn/shypq/yqyw-wb-hbjzl-hjjc/20201116/369239.html
2020年9月杨浦区环境信息公开污染源监督监测达标率统计,2020.10.19,https://www.shyp.gov.cn/shypq/yqyw-wb-hbjzl-hjjc/20201019/366513.html
2020年9月杨浦区环境信息公开声环境质量状况,2020.10.19,https://www.shyp.gov.cn/shypq/yqyw-wb-hbjzl-hjjc/20201019/366514.html
2020年9月杨浦区环境信息公开环境空气质量状况,2020.10.19,https://www.shyp.gov.cn/shypq/yqyw-wb-hbjzl-hjjc/20201019/366515.html
2020年9月杨浦区环境信息公开地表水质量状况,2020.10.19,https://www.shyp.gov.cn/shypq/yqyw-wb-hbjzl-hjjc/20201019/366516.html
2020年8月杨浦区环境信息公开地表水质量状况,2020.09.14,https://www.shyp.gov.cn/shypq/yqyw-wb-hbjzl-hjjc/20200914/364361.html
2020年8月杨浦区环境信息公开环境空气质量状况,2020.09.14,https://www.shyp.gov.cn/shypq/yqyw-wb-hbjzl-hjjc/20200914/364369.html
2020年8月杨浦区环境信息公开污染源监督监测达标率统计,2020.09.14,https://www.shyp.gov.cn/shypq/yqyw-wb-hbjzl-hjjc/20200914/364379.html
2020年7月杨浦区环境信息公开污染源监督监测达标率统计,2020.08.17,https://www.shyp.gov.cn/shypq/yqyw-wb-hbjzl-hjjc/20200817/362345.html
2020年7月杨浦区环境信息公开环境空气质量状况,2020.08.17,https://www.shyp.gov.cn/shypq/yqyw-wb-hbjzl-hjjc/20200817/362346.html
2020年7月杨浦区环境信息公开 地表水环境质量,2020.08.17,https://www.shyp.gov.cn/shypq/yqyw-wb-hbjzl-hjjc/20200817/362347.html
2020年6月杨浦区环境信息公开环境空气质量状况,2020.07.22,https://www.shyp.gov.cn/shypq/yqyw-wb-hbjzl-hjjc/20200722/360544.html
2020年6月杨浦区环境信息公开 地表水环境质量,2020.07.22,https://www.shyp.gov.cn/shypq/yqyw-wb-hbjzl-hjjc/20200722/360543.html
2020年6月杨浦区环境信息公开污染源监督监测达标率统计,2020.07.22,https://www.shyp.gov.cn/shypq/yqyw-wb-hbjzl-hjjc/20200722/360542.html
2020年5月杨浦区环境信息公开污染源监督监测达标率统计,2020.06.19,https://www.shyp.gov.cn/shypq/yqyw-wb-hbjzl-hjjc/20200619/358423.html
2020年5月杨浦区环境信息公开声环境质量状况,2020.06.19,https://www.shyp.gov.cn/shypq/yqyw-wb-hbjzl-hjjc/20200619/358424.html
2020年5月杨浦区环境信息公开环境空气质量状况,2020.06.19,https://www.shyp.gov.cn/shypq/yqyw-wb-hbjzl-hjjc/20200619/358425.html
2020年5月杨浦区环境信息公开 地表水环境质量,2020.06.19,https://www.shyp.gov.cn/shypq/yqyw-wb-hbjzl-hjjc/20200619/358426.html
2020年4月杨浦区环境信息公开地表水质量状况,2020.05.15,https://www.shyp.gov.cn/shypq/yqyw-wb-hbjzl-hjjc/20200515/355873.html
2020年4月杨浦区环境信息公开环境空气质量状况,2020.05.15,https://www.shyp.gov.cn/shypq/yqyw-wb-hbjzl-hjjc/20200515/355875.html
2020年4月杨浦区环境信息公开污染源监督监测达标率统计,2020.05.15,https://www.shyp.gov.cn/shypq/yqyw-wb-hbjzl-hjjc/20200515/355877.html
2020年3月杨浦区环境信息公开地表水质量状况,2020.04.17,https://www.shyp.gov.cn/shypq/yqyw-wb-hbjzl-hjjc/20200417/354248.html
2020年3月杨浦区环境信息公开环境空气质量状况,2020.04.17,https://www.shyp.gov.cn/shypq/yqyw-wb-hbjzl-hjjc/20200417/354249.html
2020年3月杨浦区环境信息公开污染源监督监测达标率统计,2020.04.17,https://www.shyp.gov.cn/shypq/yqyw-wb-hbjzl-hjjc/20200417/354250.html
2020年2月杨浦区环境信息公开污染源监督监测达标率统计,2020.03.16,https://www.shyp.gov.cn/shypq/yqyw-wb-hbjzl-hjjc/20200316/352063.html
2020年2月杨浦区环境信息公开地表水质量状况,2020.03.16,https://www.shyp.gov.cn/shypq/yqyw-wb-hbjzl-hjjc/20200316/352061.html
2020年2月杨浦区环境信息公开环境空气质量状况,2020.03.16,https://www.shyp.gov.cn/shypq/yqyw-wb-hbjzl-hjjc/20200316/352062.html
2020年1月杨浦区环境信息公开地表水质量状况,2020.02.17,https://www.shyp.gov.cn/shypq/yqyw-wb-hbjzl-hjjc/20200219/350277.html
2020年1月杨浦区环境信息公开环境空气质量状况,2020.02.17,https://www.shyp.gov.cn/shypq/yqyw-wb-hbjzl-hjjc/20200219/350275.html
2020年1月杨浦区环境信息公开污染源监督监测达标率统计,2020.02.17,https://www.shyp.gov.cn/shypq/yqyw-wb-hbjzl-hjjc/20200219/350276.html
2019年12月杨浦区环境信息公开地表水质量状况,2020.01.15,https://www.shyp.gov.cn/shypq/yqyw-wb-hbjzl-hjjc/20200115/348205.html
2019年12月杨浦区环境信息公开污染源监督监测达标率统计,2020.01.15,https://www.shyp.gov.cn/shypq/yqyw-wb-hbjzl-hjjc/20200115/348203.html
2019年12月杨浦区环境信息公开环境空气质量状况,2020.01.15,https://www.shyp.gov.cn/shypq/yqyw-wb-hbjzl-hjjc/20200115/348204.html
2019年11月杨浦区环境信息公开污染源监督监测达标率统计,2019.12.06,https://www.shyp.gov.cn/shypq/yqyw-wb-hbjzl-hjjc/20200115/348206.html
2019年11月杨浦区环境信息公开地表水质量状况,2019.12.06,https://www.shyp.gov.cn/shypq/yqyw-wb-hbjzl-hjjc/20200115/348207.html
2019年11月杨浦区环境信息公开声环境质量状况,2019.12.06,https://www.shyp.gov.cn/shypq/yqyw-wb-hbjzl-hjjc/20200115/348208.html
2019年11月杨浦区环境信息公开环境空气质量状况,2019.12.06,https://www.shyp.gov.cn/shypq/yqyw-wb-hbjzl-hjjc/20200115/348212.html
2019年10月杨浦区环境信息公开污染源监督监测达标率统计,2019.11.18,https://www.shyp.gov.cn/shypq/yqyw-wb-hbjzl-hjjc/20191118/344542.html
2019年10月杨浦区环境信息公开环境空气质量状况,2019.11.18,https://www.shyp.gov.cn/shypq/yqyw-wb-hbjzl-hjjc/20191118/344543.html
2019年10月杨浦区环境信息公开地表水质量状况,2019.11.18,https://www.shyp.gov.cn/shypq/yqyw-wb-hbjzl-hjjc/20191118/344544.html
2019年9月杨浦区环境信息公开污染源监督监测达标率统计,2019.10.23,https://www.shyp.gov.cn/shypq/yqyw-wb-hbjzl-hjjc/20191023/342477.html
2019年9月杨浦区环境信息公开环境空气质量状况,2019.10.23,https://www.shyp.gov.cn/shypq/yqyw-wb-hbjzl-hjjc/20191023/342476.html
2019年9月杨浦区环境信息公开地表水质量状况,2019.10.23,https://www.shyp.gov.cn/shypq/yqyw-wb-hbjzl-hjjc/20191023/342475.html
2019年8月杨浦区环境信息公开污染源监督监测达标率统计,2019.09.23,https://www.shyp.gov.cn/shypq/yqyw-wb-hbjzl-hjjc/20190923/338802.html
2019年8月杨浦区环境信息公开声环境质量状况,2019.09.23,https://www.shyp.gov.cn/shypq/yqyw-wb-hbjzl-hjjc/20190923/338803.html
2019年8月杨浦区环境信息公开环境空气质量状况,2019.09.23,https://www.shyp.gov.cn/shypq/yqyw-wb-hbjzl-hjjc/20190923/338804.html
2019年8月杨浦区环境信息公开地表水质量状况,2019.09.23,https://www.shyp.gov.cn/shypq/yqyw-wb-hbjzl-hjjc/20190923/338805.html
2019年7月杨浦区环境信息公开污染源监督监测达标率统计,2019.08.16,https://www.shyp.gov.cn/shypq/yqyw-wb-hbjzl-hjjc/20190816/336568.html
2019年7月杨浦区环境信息公开环境空气质量状况,2019.08.16,https://www.shyp.gov.cn/shypq/yqyw-wb-hbjzl-hjjc/20190816/336569.html
2019年7月杨浦区环境信息公开地表水质量状况,2019.08.16,https://www.shyp.gov.cn/shypq/yqyw-wb-hbjzl-hjjc/20190816/336570.html
2019年6月杨浦区环境信息公开地表水质量状况,2019.07.19,https://www.shyp.gov.cn/shypq/yqyw-wb-hbjzl-hjjc/20190719/334990.html
2019年6月杨浦区环境信息公开环境空气质量状况,2019.07.19,https://www.shyp.gov.cn/shypq/yqyw-wb-hbjzl-hjjc/20190719/334989.html
2019年6月杨浦区环境信息公开污染源监督监测达标率统计,2019.07.19,https://www.shyp.gov.cn/shypq/yqyw-wb-hbjzl-hjjc/20190719/334988.html
2019年5月杨浦区环境信息公开污染源监督监测达标率统计,2019.06.24,https://www.shyp.gov.cn/shypq/yqyw-wb-hbjzl-hjjc/20190624/333044.html
2019年5月杨浦区环境信息公开环境空气质量状况,2019.06.24,https://www.shyp.gov.cn/shypq/yqyw-wb-hbjzl-hjjc/20190624/333046.html
2019年5月杨浦区环境信息公开地表水质量状况,2019.06.24,https://www.shyp.gov.cn/shypq/yqyw-wb-hbjzl-hjjc/20190624/333048.html
2019年4月杨浦区环境信息公开地表水质量状况,2019.05.22,https://www.shyp.gov.cn/shypq/yqyw-wb-hbjzl-hjjc/20190522/330117.html
2019年4月杨浦区环境信息公开环境空气质量状况,2019.05.22,https://www.shyp.gov.cn/shypq/yqyw-wb-hbjzl-hjjc/20190522/330119.html
2019年4月杨浦区环境信息公开污染源监督监测达标率统计,2019.05.22,https://www.shyp.gov.cn/shypq/yqyw-wb-hbjzl-hjjc/20190522/330131.html
2019年3月杨浦区环境信息公开环境空气质量状况,2019.04.24,https://www.shyp.gov.cn/shypq/yqyw-wb-hbjzl-hjjc/20190424/327081.html
2019年3月杨浦区环境信息公开地表水质量状况,2019.04.24,https://www.shyp.gov.cn/shypq/yqyw-wb-hbjzl-hjjc/20190424/327083.html
2019年3月杨浦区环境信息公开污染源监督监测达标率统计,2019.04.24,https://www.shyp.gov.cn/shypq/yqyw-wb-hbjzl-hjjc/20190424/327085.html
2019年2月杨浦区环境信息公开声环境质量状况,2019.04.03,https://www.shyp.gov.cn/shypq/yqyw-wb-hbjzl-hjjc/20190403/324805.html
2019年2月杨浦区环境信息公开污染源监督监测达标率统计,2019.04.03,https://www.shyp.gov.cn/shypq/yqyw-wb-hbjzl-hjjc/20190403/324807.html
2019年2月杨浦区环境信息公开地表水质量状况,2019.04.03,https://www.shyp.gov.cn/shypq/yqyw-wb-hbjzl-hjjc/20190403/324801.html
2019年2月杨浦区环境信息公开环境空气质量状况,2019.04.03,https://www.shyp.gov.cn/shypq/yqyw-wb-hbjzl-hjjc/20190403/324803.html
2019年1月杨浦区环境信息公开环境空气质量状况,2019.02.20,https://www.shyp.gov.cn/shypq/yqyw-wb-hbjzl-hjjc/20190403/324795.html
2019年1月杨浦区环境信息公开地表水质量状况,2019.02.20,https://www.shyp.gov.cn/shypq/yqyw-wb-hbjzl-hjjc/20190403/324797.html
2019年1月杨浦区环境信息公开污染源监督监测达标率统计,2019.02.20,https://www.shyp.gov.cn/shypq/yqyw-wb-hbjzl-hjjc/20190403/324799.html
2018年12月杨浦区环境信息公开地表水质量状况,2019.01.23,https://www.shyp.gov.cn/shypq/yqyw-wb-hbjzl-hjjc/20190123/317591.html
2018年12月杨浦区环境信息公开环境空气质量状况,2019.01.23,https://www.shyp.gov.cn/shypq/yqyw-wb-hbjzl-hjjc/20190123/317593.html
2018年12月杨浦区环境信息公开污染源监督监测达标率统计,2019.01.23,https://www.shyp.gov.cn/shypq/yqyw-wb-hbjzl-hjjc/20190123/317595.html
2018年11月杨浦区环境信息公开声环境质量状况,2018.12.21,https://www.shyp.gov.cn/shypq/yqyw-wb-hbjzl-hjjc/20181221/314397.html
2018年11月杨浦区环境信息公开污染源监督监测达标率统计,2018.12.21,https://www.shyp.gov.cn/shypq/yqyw-wb-hbjzl-hjjc/20181221/314399.html
2018年11月杨浦区环境信息公开环境空气质量状况,2018.12.21,https://www.shyp.gov.cn/shypq/yqyw-wb-hbjzl-hjjc/20181221/314395.html
2018年11月杨浦区环境信息公开地表水质量状况,2018.12.21,https://www.shyp.gov.cn/shypq/yqyw-wb-hbjzl-hjjc/20181221/314393.html
2018年10月杨浦区环境信息公开污染源监督监测达标率统计,2018.11.21,https://www.shyp.gov.cn/shypq/yqyw-wb-hbjzl-hjjc/20181127/280024.html
2018年10月杨浦区环境信息公开环境空气质量状况,2018.11.21,https://www.shyp.gov.cn/shypq/yqyw-wb-hbjzl-hjjc/20181127/279926.html
2018年10月杨浦区环境信息公开地表水质量状况,2018.11.21,https://www.shyp.gov.cn/shypq/yqyw-wb-hbjzl-hjjc/20181127/279983.html
2018年9月杨浦区环境信息公开污染源监督监测达标率统计,2018.10.19,https://www.shyp.gov.cn/shypq/yqyw-wb-hbjzl-hjjc/20181127/280023.html
2018年9月杨浦区环境信息公开环境空气质量状况,2018.10.19,https://www.shyp.gov.cn/shypq/yqyw-wb-hbjzl-hjjc/20181127/279925.html
2018年9月杨浦区环境信息公开地表水质量状况,2018.10.19,https://www.shyp.gov.cn/shypq/yqyw-wb-hbjzl-hjjc/20181127/279982.html
2018年8月杨浦区环境信息公开地表水质量状况,2018.10.10,https://www.shyp.gov.cn/shypq/yqyw-wb-hbjzl-hjjc/20181127/279981.html
2018年7月杨浦区环境信息公开环境空气质量状况,2018.10.10,https://www.shyp.gov.cn/shypq/yqyw-wb-hbjzl-hjjc/20181127/279923.html
2018年7月杨浦区环境信息公开污染源监督监测达标率统计,2018.10.10,https://www.shyp.gov.cn/shypq/yqyw-wb-hbjzl-hjjc/20181127/280021.html
2018年8月杨浦区环境信息公开污染源监督监测达标率统计,2018.10.10,https://www.shyp.gov.cn/shypq/yqyw-wb-hbjzl-hjjc/20181127/280022.html
2018年7月杨浦区环境信息公开地表水质量状况,2018.10.10,https://www.shyp.gov.cn/shypq/yqyw-wb-hbjzl-hjjc/20181127/279980.html
2018年8月杨浦区环境信息公开声环境质量状况,2018.10.10,https://www.shyp.gov.cn/shypq/yqyw-wb-hbjzl-hjjc/20181127/279940.html
2018年8月杨浦区环境信息公开环境空气质量状况,2018.10.10,https://www.shyp.gov.cn/shypq/yqyw-wb-hbjzl-hjjc/20181127/279924.html
2018年6月杨浦区环境信息公开地表水质量状况,2018.07.19,https://www.shyp.gov.cn/shypq/yqyw-wb-hbjzl-hjjc/20181127/279979.html
2018年6月杨浦区环境信息公开污染源监督监测达标率统计,2018.07.19,https://www.shyp.gov.cn/shypq/yqyw-wb-hbjzl-hjjc/20181127/280020.html
2018年6月杨浦区环境信息公开环境空气质量状况,2018.07.19,https://www.shyp.gov.cn/shypq/yqyw-wb-hbjzl-hjjc/20181127/279922.html
2018年5月杨浦区环境信息公开环境空气质量状况,2018.06.22,https://www.shyp.gov.cn/shypq/yqyw-wb-hbjzl-hjjc/20181127/279921.html
2018年5月杨浦区环境信息公开声环境质量状况,2018.06.22,https://www.shyp.gov.cn/shypq/yqyw-wb-hbjzl-hjjc/20181127/279939.html
2018年5月杨浦区环境信息公开地表水质量状况,2018.06.22,https://www.shyp.gov.cn/shypq/yqyw-wb-hbjzl-hjjc/20181127/279978.html
2018年5月杨浦区环境信息公开 污染源监督监测统计,2018.06.22,https://www.shyp.gov.cn/shypq/yqyw-wb-hbjzl-hjjc/20181127/280019.html
区域噪声和道路噪声测点,2018.06.01,https://www.shyp.gov.cn/shypq/yqyw-wb-hbjzl-hjjc-jcdwfbt/20181127/279884.html
2018年4月杨浦区环境信息公开地表水质量状况,2018.05.17,https://www.shyp.gov.cn/shypq/yqyw-wb-hbjzl-hjjc/20181127/279977.html
2018年4月杨浦区环境信息公开污染源监督监测达标率统计,2018.05.17,https://www.shyp.gov.cn/shypq/yqyw-wb-hbjzl-hjjc/20181127/280018.html
2018年4月杨浦区环境信息公开环境空气质量状况,2018.05.17,https://www.shyp.gov.cn/shypq/yqyw-wb-hbjzl-hjjc/20181127/279920.html
2018年3月杨浦区环境信息公开 地表水环境质量,2018.04.20,https://www.shyp.gov.cn/shypq/yqyw-wb-hbjzl-hjjc/20181127/279976.html
2018年3月杨浦区环境信息公开 环境空气质量,2018.04.20,https://www.shyp.gov.cn/shypq/yqyw-wb-hbjzl-hjjc/20181127/279919.html
2018年3月杨浦区环境信息公开 污染源监督监测统计,2018.04.20,https://www.shyp.gov.cn/shypq/yqyw-wb-hbjzl-hjjc/20181127/280017.html
2018年2月杨浦区环境信息公开环境空气质量状况,2018.03.26,https://www.shyp.gov.cn/shypq/yqyw-wb-hbjzl-hjjc/20181127/279918.html
2018年2月杨浦区环境信息公开声环境质量状况,2018.03.26,https://www.shyp.gov.cn/shypq/yqyw-wb-hbjzl-hjjc/20181127/279938.html
2018年2月杨浦区环境信息公开地表水质量状况,2018.03.26,https://www.shyp.gov.cn/shypq/yqyw-wb-hbjzl-hjjc/20181127/279975.html
2017年2月杨浦区环境信息公开污染源监督监测达标率统计,2018.03.26,https://www.shyp.gov.cn/shypq/yqyw-wb-hbjzl-hjjc/20181127/280016.html
2018年1月杨浦区环境信息公开环境空气质量状况,2018.02.26,https://www.shyp.gov.cn/shypq/yqyw-wb-hbjzl-hjjc/20181127/279917.html
2018年1月杨浦区环境信息公开地表水质量状况,2018.02.26,https://www.shyp.gov.cn/shypq/yqyw-wb-hbjzl-hjjc/20181127/279974.html
2018年1月杨浦区环境信息公开污染源监督监测达标率统计,2018.02.26,https://www.shyp.gov.cn/shypq/yqyw-wb-hbjzl-hjjc/20181127/280015.html
2017年12月杨浦区环境信息公开污染源监督监测达标率统计,2018.01.24,https://www.shyp.gov.cn/shypq/yqyw-wb-hbjzl-hjjc/20181127/280014.html
2017年12月杨浦区环境信息公开地表水质量状况,2018.01.24,https://www.shyp.gov.cn/shypq/yqyw-wb-hbjzl-hjjc/20181127/279973.html
2017年12月杨浦区环境信息公开环境空气质量状况,2018.01.24,https://www.shyp.gov.cn/shypq/yqyw-wb-hbjzl-hjjc/20181127/279916.html
2017年11月杨浦区环境信息公开环境空气质量状况,2017.12.27,https://www.shyp.gov.cn/shypq/yqyw-wb-hbjzl-hjjc/20181127/279915.html
2017年11月杨浦区环境信息公开声环境质量状况,2017.12.27,https://www.shyp.gov.cn/shypq/yqyw-wb-hbjzl-hjjc/20181127/279937.html
2017年11月杨浦区环境信息公开地表水质量状况,2017.12.27,https://www.shyp.gov.cn/shypq/yqyw-wb-hbjzl-hjjc/20181127/279972.html
2017年11月杨浦区环境信息公开污染源监督监测达标率统计,2017.12.27,https://www.shyp.gov.cn/shypq/yqyw-wb-hbjzl-hjjc/20181127/280013.html
2017年10月杨浦区环境信息公开环境空气质量状况,2017.11.20,https://www.shyp.gov.cn/shypq/yqyw-wb-hbjzl-hjjc/20181127/279914.html
2017年10月杨浦区环境信息公开地表水质量状况,2017.11.20,https://www.shyp.gov.cn/shypq/yqyw-wb-hbjzl-hjjc/20181127/279971.html
2017年10月杨浦区环境信息公开污染源监督监测达标率统计,2017.11.20,https://www.shyp.gov.cn/shypq/yqyw-wb-hbjzl-hjjc/20181127/280012.html
2017年9月杨浦区环境信息公开环境空气质量状况,2017.10.25,https://www.shyp.gov.cn/shypq/yqyw-wb-hbjzl-hjjc/20181127/279913.html
2017年9月杨浦区环境信息公开地表水质量状况,2017.10.25,https://www.shyp.gov.cn/shypq/yqyw-wb-hbjzl-hjjc/20181127/279970.html
2017年9月杨浦区环境信息公开污染源监督监测达标率统计,2017.10.25,https://www.shyp.gov.cn/shypq/yqyw-wb-hbjzl-hjjc/20181127/280011.html
2017年8月杨浦区环境信息公开地表水质量状况,2017.09.20,https://www.shyp.gov.cn/shypq/yqyw-wb-hbjzl-hjjc/20181127/279969.html
2017年8月杨浦区环境信息公开污染源监督监测达标率统计,2017.09.20,https://www.shyp.gov.cn/shypq/yqyw-wb-hbjzl-hjjc/20181127/280010.html
2017年8月杨浦区环境信息公开声环境质量状况,2017.09.20,https://www.shyp.gov.cn/shypq/yqyw-wb-hbjzl-hjjc/20181127/279936.html
2017年8月杨浦区环境信息公开环境空气质量状况,2017.09.20,https://www.shyp.gov.cn/shypq/yqyw-wb-hbjzl-hjjc/20181127/279912.html
2017年7月杨浦区环境信息公开环境空气质量状况,2017.09.01,https://www.shyp.gov.cn/shypq/yqyw-wb-hbjzl-hjjc/20181127/279911.html
2017年7月杨浦区环境信息公开污染源监督监测达标率统计,2017.09.01,https://www.shyp.gov.cn/shypq/yqyw-wb-hbjzl-hjjc/20181127/280009.html
2017年7月杨浦区环境信息公开地表水质量状况,2017.09.01,https://www.shyp.gov.cn/shypq/yqyw-wb-hbjzl-hjjc/20181127/279968.html
2017年6月杨浦区环境信息公开环境空气质量状况,2017.07.26,https://www.shyp.gov.cn/shypq/yqyw-wb-hbjzl-hjjc/20181127/279910.html
2017年6月杨浦区环境信息公开污染源监督监测达标率统计,2017.07.26,https://www.shyp.gov.cn/shypq/yqyw-wb-hbjzl-hjjc/20181127/280008.html
2017年6月杨浦区环境信息公开地表水质量状况,2017.07.26,https://www.shyp.gov.cn/shypq/yqyw-wb-hbjzl-hjjc/20181127/279967.html
2017年5月杨浦区环境信息公开环境空气质量状况,2017.06.21,https://www.shyp.gov.cn/shypq/yqyw-wb-hbjzl-hjjc/20181127/279909.html
2017年5月杨浦区环境信息公开声环境质量状况,2017.06.21,https://www.shyp.gov.cn/shypq/yqyw-wb-hbjzl-hjjc/20181127/279935.html
2017年5月杨浦区环境信息公开地表水质量状况,2017.06.21,https://www.shyp.gov.cn/shypq/yqyw-wb-hbjzl-hjjc/20181127/279966.html
2017年5月杨浦区环境信息公开污染源监督监测达标率统计,2017.06.21,https://www.shyp.gov.cn/shypq/yqyw-wb-hbjzl-hjjc/20181127/280007.html
2017年4月杨浦区环境信息公开地表水质量状况,2017.05.19,https://www.shyp.gov.cn/shypq/yqyw-wb-hbjzl-hjjc/20181127/279965.html
2017年4月杨浦区环境信息公开污染源监督监测达标率统计,2017.05.19,https://www.shyp.gov.cn/shypq/yqyw-wb-hbjzl-hjjc/20181127/280006.html
2017年4月杨浦区环境信息公开环境空气质量状况,2017.05.19,https://www.shyp.gov.cn/shypq/yqyw-wb-hbjzl-hjjc/20181127/279908.html
2017年3月杨浦区环境信息公开环境空气质量状况,2017.04.21,https://www.shyp.gov.cn/shypq/yqyw-wb-hbjzl-hjjc/20181127/279907.html
2017年3月杨浦区环境信息公开地表水质量状况,2017.04.21,https://www.shyp.gov.cn/shypq/yqyw-wb-hbjzl-hjjc/20181127/279964.html
2017年3月杨浦区环境信息公开污染源监督监测达标率统计,2017.04.21,https://www.shyp.gov.cn/shypq/yqyw-wb-hbjzl-hjjc/20181127/280005.html
2017年2月杨浦区环境信息公开环境空气质量状况,2017.03.24,https://www.shyp.gov.cn/shypq/yqyw-wb-hbjzl-hjjc/20181127/279906.html
2017年2月杨浦区环境信息公开声环境质量状况,2017.03.24,https://www.shyp.gov.cn/shypq/yqyw-wb-hbjzl-hjjc/20181127/279934.html
2017年2月杨浦区环境信息公开地表水质量状况,2017.03.24,https://www.shyp.gov.cn/shypq/yqyw-wb-hbjzl-hjjc/20181127/279963.html
2017年2月杨浦区环境信息公开污染源监督监测达标率统计,2017.03.24,https://www.shyp.gov.cn/shypq/yqyw-wb-hbjzl-hjjc/20181127/280004.html
2017年1月杨浦区环境信息公开地表水质量状况,2017.02.20,https://www.shyp.gov.cn/shypq/yqyw-wb-hbjzl-hjjc/20181127/279962.html
2017年1月杨浦区环境信息公开污染源监督监测达标率统计,2017.02.20,https://www.shyp.gov.cn/shypq/yqyw-wb-hbjzl-hjjc/20181127/280003.html
2017年1月杨浦区环境信息公开环境空气质量状况,2017.02.20,https://www.shyp.gov.cn/shypq/yqyw-wb-hbjzl-hjjc/20181127/279905.html
2016年12月杨浦区环境信息公开环境空气质量状况,2017.01.18,https://www.shyp.gov.cn/shypq/yqyw-wb-hbjzl-hjjc/20181127/279904.html
2016年12月杨浦区环境信息公开地表水质量状况,2017.01.18,https://www.shyp.gov.cn/shypq/yqyw-wb-hbjzl-hjjc/20181127/279961.html
2016年12月杨浦区环境信息公开污染源监督监测达标率统计,2017.01.18,https://www.shyp.gov.cn/shypq/yqyw-wb-hbjzl-hjjc/20181127/280002.html
2016年11月杨浦区环境信息公开环境空气质量状况,2016.12.19,https://www.shyp.gov.cn/shypq/yqyw-wb-hbjzl-hjjc/20181127/279903.html
2016年11月月杨浦区环境信息公开声环境质量状况,2016.12.19,https://www.shyp.gov.cn/shypq/yqyw-wb-hbjzl-hjjc/20181127/279933.html
2016年11月杨浦区环境信息公开地表水质量状况,2016.12.19,https://www.shyp.gov.cn/shypq/yqyw-wb-hbjzl-hjjc/20181127/279960.html
2016年11月杨浦区环境信息公开污染源监督监测达标率统计,2016.12.19,https://www.shyp.gov.cn/shypq/yqyw-wb-hbjzl-hjjc/20181127/280001.html
2016年10月杨浦区环境信息公开环境空气质量状况,2016.11.16,https://www.shyp.gov.cn/shypq/yqyw-wb-hbjzl-hjjc/20181127/279902.html
2016年10月杨浦区环境信息公开地表水质量状况,2016.11.16,https://www.shyp.gov.cn/shypq/yqyw-wb-hbjzl-hjjc/20181127/279959.html
2016年10月杨浦区环境信息公开污染源监督监测达标率统计,2016.11.16,https://www.shyp.gov.cn/shypq/yqyw-wb-hbjzl-hjjc/20181127/280000.html
2016年9月杨浦区环境信息公开污染源监督监测达标率统计,2016.10.12,https://www.shyp.gov.cn/shypq/yqyw-wb-hbjzl-hjjc/20181127/279999.html
2016年9月杨浦区环境信息公开地表水质量状况,2016.10.12,https://www.shyp.gov.cn/shypq/yqyw-wb-hbjzl-hjjc/20181127/279958.html
2016年9月杨浦区环境信息公开环境空气质量状况,2016.10.12,https://www.shyp.gov.cn/shypq/yqyw-wb-hbjzl-hjjc/20181127/279901.html
2016年8月月杨浦区环境信息公开环境空气质量状况,2016.09.19,https://www.shyp.gov.cn/shypq/yqyw-wb-hbjzl-hjjc/20181127/279900.html
2016年8月月杨浦区环境信息公开声环境质量状况,2016.09.19,https://www.shyp.gov.cn/shypq/yqyw-wb-hbjzl-hjjc/20181127/279932.html
2016年8月杨浦区环境信息公开地表水质量状况,2016.09.19,https://www.shyp.gov.cn/shypq/yqyw-wb-hbjzl-hjjc/20181127/279957.html
2016年8月月杨浦区环境信息公开污染源监督监测达标率统计,2016.09.19,https://www.shyp.gov.cn/shypq/yqyw-wb-hbjzl-hjjc/20181127/279998.html
2016年7月月杨浦区环境信息公开环境空气质量状况,2016.08.19,https://www.shyp.gov.cn/shypq/yqyw-wb-hbjzl-hjjc/20181127/279899.html
2016年7月杨浦区环境信息公开地表水质量状况,2016.08.19,https://www.shyp.gov.cn/shypq/yqyw-wb-hbjzl-hjjc/20181127/279956.html
2016年7月月杨浦区环境信息公开污染源监督监测达标率统计,2016.08.19,https://www.shyp.gov.cn/shypq/yqyw-wb-hbjzl-hjjc/20181127/279997.html
2016年6月月杨浦区环境信息公开环境空气质量状况,2016.07.13,https://www.shyp.gov.cn/shypq/yqyw-wb-hbjzl-hjjc/20181127/279898.html
2016年6月杨浦区环境信息公开地表水质量状况,2016.07.13,https://www.shyp.gov.cn/shypq/yqyw-wb-hbjzl-hjjc/20181127/279955.html
2016年6月月杨浦区环境信息公开污染源监督监测达标率统计,2016.07.13,https://www.shyp.gov.cn/shypq/yqyw-wb-hbjzl-hjjc/20181127/279996.html
2016年5月杨浦区环境信息公开地表水质量状况,2016.06.14,https://www.shyp.gov.cn/shypq/yqyw-wb-hbjzl-hjjc/20181127/279954.html
2016年5月月杨浦区环境信息公开污染源监督监测达标率统计,2016.06.14,https://www.shyp.gov.cn/shypq/yqyw-wb-hbjzl-hjjc/20181127/279995.html
2016年5月月杨浦区环境信息公开声环境质量状况,2016.06.14,https://www.shyp.gov.cn/shypq/yqyw-wb-hbjzl-hjjc/20181127/279931.html
2016年5月月杨浦区环境信息公开环境空气质量状况,2016.06.14,https://www.shyp.gov.cn/shypq/yqyw-wb-hbjzl-hjjc/20181127/279897.html
杨浦区环境监测站简介,2016.05.20,https://www.shyp.gov.cn/shypq/yqyw-wb-hbjzl-hjjc-qhjjcjj/20181127/279874.html
2016年4月杨浦区环境信息公开地表水质量状况,2016.05.13,https://www.shyp.gov.cn/shypq/yqyw-wb-hbjzl-hjjc/20181127/279953.html
2016年4月月杨浦区环境信息公开污染源监督监测达标率统计,2016.05.13,https://www.shyp.gov.cn/shypq/yqyw-wb-hbjzl-hjjc/20181127/279994.html
2016年4月月杨浦区环境信息公开环境空气质量状况,2016.05.13,https://www.shyp.gov.cn/shypq/yqyw-wb-hbjzl-hjjc/20181127/279896.html
2016年3月月杨浦区环境信息公开环境空气质量状况,2016.04.18,https://www.shyp.gov.cn/shypq/yqyw-wb-hbjzl-hjjc/20181127/279895.html
2016年3月杨浦区环境信息公开地表水质量状况,2016.04.18,https://www.shyp.gov.cn/shypq/yqyw-wb-hbjzl-hjjc/20181127/279952.html
2016年3月月杨浦区环境信息公开污染源监督监测达标率统计,2016.04.18,https://www.shyp.gov.cn/shypq/yqyw-wb-hbjzl-hjjc/20181127/279993.html
2016年2月杨浦区环境信息公开地表水质量状况,2016.03.23,https://www.shyp.gov.cn/shypq/yqyw-wb-hbjzl-hjjc/20181127/279951.html
2016年2月月杨浦区环境信息公开污染源监督监测达标率统计,2016.03.23,https://www.shyp.gov.cn/shypq/yqyw-wb-hbjzl-hjjc/20181127/279992.html
2016年2月月杨浦区环境信息公开声环境质量状况,2016.03.23,https://www.shyp.gov.cn/shypq/yqyw-wb-hbjzl-hjjc/20181127/279930.html
2016年2月月杨浦区环境信息公开环境空气质量状况,2016.03.23,https://www.shyp.gov.cn/shypq/yqyw-wb-hbjzl-hjjc/20181127/279894.html
2016年1月杨浦区环境信息公开地表水质量状况,2016.02.26,https://www.shyp.gov.cn/shypq/yqyw-wb-hbjzl-hjjc/20181127/279950.html
2016年1月杨浦区环境信息公开污染源监督监测达标率统计,2016.02.26,https://www.shyp.gov.cn/shypq/yqyw-wb-hbjzl-hjjc/20181127/279991.html
2016年1月杨浦区环境信息公开环境空气质量状况,2016.02.26,https://www.shyp.gov.cn/shypq/yqyw-wb-hbjzl-hjjc/20181127/279893.html
2015年12月杨浦区环境信息公开环境空气质量状况,2016.01.15,https://www.shyp.gov.cn/shypq/yqyw-wb-hbjzl-hjjc/20181127/279892.html
2015年12月杨浦区环境信息公开地表水质量状况,2016.01.15,https://www.shyp.gov.cn/shypq/yqyw-wb-hbjzl-hjjc/20181127/279949.html
2015年12月杨浦区环境信息公开污染源监督监测达标率统计,2016.01.15,https://www.shyp.gov.cn/shypq/yqyw-wb-hbjzl-hjjc/20181127/279990.html
2015年11月杨浦区环境信息公开 声环境质量,2015.12.16,https://www.shyp.gov.cn/shypq/yqyw-wb-hbjzl-hjjc/20181127/279929.html
2015年11月杨浦区环境信息公开 地表水环境质量,2015.12.16,https://www.shyp.gov.cn/shypq/yqyw-wb-hbjzl-hjjc/20181127/279948.html
2015年10月杨浦区环境信息公开环境空气质量状况,2015.11.16,https://www.shyp.gov.cn/shypq/yqyw-wb-hbjzl-hjjc/20181127/279891.html
2015年10月杨浦区环境信息公开地表水质量状况,2015.11.16,https://www.shyp.gov.cn/shypq/yqyw-wb-hbjzl-hjjc/20181127/279947.html
2015年10月杨浦区环境信息公开污染源监督监测达标率统计,2015.11.16,https://www.shyp.gov.cn/shypq/yqyw-wb-hbjzl-hjjc/20181127/279989.html
2015年9月杨浦区环境信息公开 地表水环境质量,2015.10.16,https://www.shyp.gov.cn/shypq/yqyw-wb-hbjzl-hjjc/20181127/279946.html
2015年9月杨浦区环境信息公开 污染源监督监测统计,2015.10.16,https://www.shyp.gov.cn/shypq/yqyw-wb-hbjzl-hjjc/20181127/279988.html
2015年9月杨浦区环境信息公开 环境空气质量,2015.10.16,https://www.shyp.gov.cn/shypq/yqyw-wb-hbjzl-hjjc/20181127/279890.html
2015年7月杨浦区环境信息公开地表水质量状况,2015.08.19,https://www.shyp.gov.cn/shypq/yqyw-wb-hbjzl-hjjc/20181127/279945.html
2015年7月杨浦区环境信息公开污染源监督监测达标率统计,2015.08.19,https://www.shyp.gov.cn/shypq/yqyw-wb-hbjzl-hjjc/20181127/279987.html
2015年7月杨浦区环境信息公开 环境空气质量,2015.08.19,https://www.shyp.gov.cn/shypq/yqyw-wb-hbjzl-hjjc/20181127/279889.html
2015年水环境监测点位图,2015.07.29,https://www.shyp.gov.cn/shypq/yqyw-wb-hbjzl-hjjc-jcdwfbt/20181127/279881.html
2015年大气环境监测点位图,2015.07.29,https://www.shyp.gov.cn/shypq/yqyw-wb-hbjzl-hjjc-jcdwfbt/20181127/279882.html
2015年杨浦区噪声监测点位图,2015.07.29,https://www.shyp.gov.cn/shypq/yqyw-wb-hbjzl-hjjc-jcdwfbt/20181127/279883.html
杨浦区2015年第二季度声环境达标率,2015.07.29,https://www.shyp.gov.cn/shypq/yqyw-wb-hbjzl-hjjc/20181127/279928.html
2015年6月杨浦区环境信息公开环境空气质量状况,2015.07.15,https://www.shyp.gov.cn/shypq/yqyw-wb-hbjzl-hjjc/20181127/279888.html
2015年6月杨浦区环境信息公开地表水质量状况,2015.07.15,https://www.shyp.gov.cn/shypq/yqyw-wb-hbjzl-hjjc/20181127/279944.html
2015年6月杨浦区环境信息公开污染源监督监测达标率统计,2015.07.15,https://www.shyp.gov.cn/shypq/yqyw-wb-hbjzl-hjjc/20181127/279986.html
杨浦区2015年5月空气质量状况,2015.06.15,https://www.shyp.gov.cn/shypq/yqyw-wb-hbjzl-hjjc/20181127/279887.html
杨浦区2015年5月地表水监测断面综合水质变化情况,2015.06.15,https://www.shyp.gov.cn/shypq/yqyw-wb-hbjzl-hjjc/20181127/279943.html
杨浦区2014年1-4月污染源监督监测达标率,2015.05.11,https://www.shyp.gov.cn/shypq/yqyw-wb-hbjzl-hjjc/20181127/279985.html
杨浦区2015年4月空气质量状况,2015.05.11,https://www.shyp.gov.cn/shypq/yqyw-wb-hbjzl-hjjc/20181127/279886.html
杨浦区2015年4月地表水监测断面综合水质变化情况,2015.05.11,https://www.shyp.gov.cn/shypq/yqyw-wb-hbjzl-hjjc/20181127/279942.html
杨浦区2015年3月空气质量状况,2015.04.29,https://www.shyp.gov.cn/shypq/yqyw-wb-hbjzl-hjjc/20181127/279885.html
杨浦区2015年一季度声环境达标率,2015.04.29,https://www.shyp.gov.cn/shypq/yqyw-wb-hbjzl-hjjc/20181127/279927.html
杨浦区2015年3月地表水监测断面综合水质变化情况,2015.04.29,https://www.shyp.gov.cn/shypq/yqyw-wb-hbjzl-hjjc/20181127/279941.html
杨浦区2014年1-3月污染源监督监测达标率,2015.04.29,https://www.shyp.gov.cn/shypq/yqyw-wb-hbjzl-hjjc/20181127/279984.html
2014年水环境监测点位图,2014.07.13,https://www.shyp.gov.cn/shypq/yqyw-wb-hbjzl-hjjc-jcdwfbt/20181127/279878.html
2014年大气环境监测点位图,2014.07.13,https://www.shyp.gov.cn/shypq/yqyw-wb-hbjzl-hjjc-jcdwfbt/20181127/279879.html
2014年杨浦区噪声监测点位图,2014.05.11,https://www.shyp.gov.cn/shypq/yqyw-wb-hbjzl-hjjc-jcdwfbt/20181127/279875.html
2010年声环境监测点位图,2010.07.13,https://www.shyp.gov.cn/shypq/yqyw-wb-hbjzl-hjjc-jcdwfbt/20181127/279880.html
2009年杨浦区地表水监测点位图,2009.05.11,https://www.shyp.gov.cn/shypq/yqyw-wb-hbjzl-hjjc-jcdwfbt/20181127/279876.html
2009年杨浦区降尘监测点位图,2009.05.11,https://www.shyp.gov.cn/shypq/yqyw-wb-hbjzl-hjjc-jcdwfbt/20181127/279877.html
